DateKey,Date,Day,WeekNo,Month,MonthShort,MonthNo,Quarter,Year
20220101,01-01-2022,Saturday,1,January,Jan,1,1,2022
20220102,02-01-2022,Sunday,2,January,Jan,1,1,2022
20220103,03-01-2022,Monday,2,January,Jan,1,1,2022
20220104,04-01-2022,Tuesday,2,January,Jan,1,1,2022
20220105,05-01-2022,Wednesday,2,January,Jan,1,1,2022
20220106,06-01-2022,Thursday,2,January,Jan,1,1,2022
20220107,07-01-2022,Friday,2,January,Jan,1,1,2022
20220108,08-01-2022,Saturday,2,January,Jan,1,1,2022
20220109,09-01-2022,Sunday,3,January,Jan,1,1,2022
20220110,10-01-2022,Monday,3,January,Jan,1,1,2022
20220111,11-01-2022,Tuesday,3,January,Jan,1,1,2022
20220112,12-01-2022,Wednesday,3,January,Jan,1,1,2022
20220113,13-01-2022,Thursday,3,January,Jan,1,1,2022
20220114,14-01-2022,Friday,3,January,Jan,1,1,2022
20220115,15-01-2022,Saturday,3,January,Jan,1,1,2022
20220116,16-01-2022,Sunday,4,January,Jan,1,1,2022
20220117,17-01-2022,Monday,4,January,Jan,1,1,2022
20220118,18-01-2022,Tuesday,4,January,Jan,1,1,2022
20220119,19-01-2022,Wednesday,4,January,Jan,1,1,2022
20220120,20-01-2022,Thursday,4,January,Jan,1,1,2022
20220121,21-01-2022,Friday,4,January,Jan,1,1,2022
20220122,22-01-2022,Saturday,4,January,Jan,1,1,2022
20220123,23-01-2022,Sunday,5,January,Jan,1,1,2022
20220124,24-01-2022,Monday,5,January,Jan,1,1,2022
20220125,25-01-2022,Tuesday,5,January,Jan,1,1,2022
20220126,26-01-2022,Wednesday,5,January,Jan,1,1,2022
20220127,27-01-2022,Thursday,5,January,Jan,1,1,2022
20220128,28-01-2022,Friday,5,January,Jan,1,1,2022
20220129,29-01-2022,Saturday,5,January,Jan,1,1,2022
20220130,30-01-2022,Sunday,6,January,Jan,1,1,2022
20220131,31-01-2022,Monday,6,January,Jan,1,1,2022
20220201,01-02-2022,Tuesday,6,February,Feb,2,1,2022
20220202,02-02-2022,Wednesday,6,February,Feb,2,1,2022
20220203,03-02-2022,Thursday,6,February,Feb,2,1,2022
20220204,04-02-2022,Friday,6,February,Feb,2,1,2022
20220205,05-02-2022,Saturday,6,February,Feb,2,1,2022
20220206,06-02-2022,Sunday,7,February,Feb,2,1,2022
20220207,07-02-2022,Monday,7,February,Feb,2,1,2022
20220208,08-02-2022,Tuesday,7,February,Feb,2,1,2022
20220209,09-02-2022,Wednesday,7,February,Feb,2,1,2022
20220210,10-02-2022,Thursday,7,February,Feb,2,1,2022
20220211,11-02-2022,Friday,7,February,Feb,2,1,2022
20220212,12-02-2022,Saturday,7,February,Feb,2,1,2022
20220213,13-02-2022,Sunday,8,February,Feb,2,1,2022
20220214,14-02-2022,Monday,8,February,Feb,2,1,2022
20220215,15-02-2022,Tuesday,8,February,Feb,2,1,2022
20220216,16-02-2022,Wednesday,8,February,Feb,2,1,2022
20220217,17-02-2022,Thursday,8,February,Feb,2,1,2022
20220218,18-02-2022,Friday,8,February,Feb,2,1,2022
20220219,19-02-2022,Saturday,8,February,Feb,2,1,2022
20220220,20-02-2022,Sunday,9,February,Feb,2,1,2022
20220221,21-02-2022,Monday,9,February,Feb,2,1,2022
20220222,22-02-2022,Tuesday,9,February,Feb,2,1,2022
20220223,23-02-2022,Wednesday,9,February,Feb,2,1,2022
20220224,24-02-2022,Thursday,9,February,Feb,2,1,2022
20220225,25-02-2022,Friday,9,February,Feb,2,1,2022
20220226,26-02-2022,Saturday,9,February,Feb,2,1,2022
20220227,27-02-2022,Sunday,10,February,Feb,2,1,2022
20220228,28-02-2022,Monday,10,February,Feb,2,1,2022
20220301,01-03-2022,Tuesday,10,March,Mar,3,1,2022
20220302,02-03-2022,Wednesday,10,March,Mar,3,1,2022
20220303,03-03-2022,Thursday,10,March,Mar,3,1,2022
20220304,04-03-2022,Friday,10,March,Mar,3,1,2022
20220305,05-03-2022,Saturday,10,March,Mar,3,1,2022
20220306,06-03-2022,Sunday,11,March,Mar,3,1,2022
20220307,07-03-2022,Monday,11,March,Mar,3,1,2022
20220308,08-03-2022,Tuesday,11,March,Mar,3,1,2022
20220309,09-03-2022,Wednesday,11,March,Mar,3,1,2022
20220310,10-03-2022,Thursday,11,March,Mar,3,1,2022
20220311,11-03-2022,Friday,11,March,Mar,3,1,2022
20220312,12-03-2022,Saturday,11,March,Mar,3,1,2022
20220313,13-03-2022,Sunday,12,March,Mar,3,1,2022
20220314,14-03-2022,Monday,12,March,Mar,3,1,2022
20220315,15-03-2022,Tuesday,12,March,Mar,3,1,2022
20220316,16-03-2022,Wednesday,12,March,Mar,3,1,2022
20220317,17-03-2022,Thursday,12,March,Mar,3,1,2022
20220318,18-03-2022,Friday,12,March,Mar,3,1,2022
20220319,19-03-2022,Saturday,12,March,Mar,3,1,2022
20220320,20-03-2022,Sunday,13,March,Mar,3,1,2022
20220321,21-03-2022,Monday,13,March,Mar,3,1,2022
20220322,22-03-2022,Tuesday,13,March,Mar,3,1,2022
20220323,23-03-2022,Wednesday,13,March,Mar,3,1,2022
20220324,24-03-2022,Thursday,13,March,Mar,3,1,2022
20220325,25-03-2022,Friday,13,March,Mar,3,1,2022
20220326,26-03-2022,Saturday,13,March,Mar,3,1,2022
20220327,27-03-2022,Sunday,14,March,Mar,3,1,2022
20220328,28-03-2022,Monday,14,March,Mar,3,1,2022
20220329,29-03-2022,Tuesday,14,March,Mar,3,1,2022
20220330,30-03-2022,Wednesday,14,March,Mar,3,1,2022
20220331,31-03-2022,Thursday,14,March,Mar,3,1,2022
20220401,01-04-2022,Friday,14,April,Apr,4,2,2022
20220402,02-04-2022,Saturday,14,April,Apr,4,2,2022
20220403,03-04-2022,Sunday,15,April,Apr,4,2,2022
20220404,04-04-2022,Monday,15,April,Apr,4,2,2022
20220405,05-04-2022,Tuesday,15,April,Apr,4,2,2022
20220406,06-04-2022,Wednesday,15,April,Apr,4,2,2022
20220407,07-04-2022,Thursday,15,April,Apr,4,2,2022
20220408,08-04-2022,Friday,15,April,Apr,4,2,2022
20220409,09-04-2022,Saturday,15,April,Apr,4,2,2022
20220410,10-04-2022,Sunday,16,April,Apr,4,2,2022
20220411,11-04-2022,Monday,16,April,Apr,4,2,2022
20220412,12-04-2022,Tuesday,16,April,Apr,4,2,2022
20220413,13-04-2022,Wednesday,16,April,Apr,4,2,2022
20220414,14-04-2022,Thursday,16,April,Apr,4,2,2022
20220415,15-04-2022,Friday,16,April,Apr,4,2,2022
20220416,16-04-2022,Saturday,16,April,Apr,4,2,2022
20220417,17-04-2022,Sunday,17,April,Apr,4,2,2022
20220418,18-04-2022,Monday,17,April,Apr,4,2,2022
20220419,19-04-2022,Tuesday,17,April,Apr,4,2,2022
20220420,20-04-2022,Wednesday,17,April,Apr,4,2,2022
20220421,21-04-2022,Thursday,17,April,Apr,4,2,2022
20220422,22-04-2022,Friday,17,April,Apr,4,2,2022
20220423,23-04-2022,Saturday,17,April,Apr,4,2,2022
20220424,24-04-2022,Sunday,18,April,Apr,4,2,2022
20220425,25-04-2022,Monday,18,April,Apr,4,2,2022
20220426,26-04-2022,Tuesday,18,April,Apr,4,2,2022
20220427,27-04-2022,Wednesday,18,April,Apr,4,2,2022
20220428,28-04-2022,Thursday,18,April,Apr,4,2,2022
20220429,29-04-2022,Friday,18,April,Apr,4,2,2022
20220430,30-04-2022,Saturday,18,April,Apr,4,2,2022
20220501,01-05-2022,Sunday,19,May,May,5,2,2022
20220502,02-05-2022,Monday,19,May,May,5,2,2022
20220503,03-05-2022,Tuesday,19,May,May,5,2,2022
20220504,04-05-2022,Wednesday,19,May,May,5,2,2022
20220505,05-05-2022,Thursday,19,May,May,5,2,2022
20220506,06-05-2022,Friday,19,May,May,5,2,2022
20220507,07-05-2022,Saturday,19,May,May,5,2,2022
20220508,08-05-2022,Sunday,20,May,May,5,2,2022
20220509,09-05-2022,Monday,20,May,May,5,2,2022
20220510,10-05-2022,Tuesday,20,May,May,5,2,2022
20220511,11-05-2022,Wednesday,20,May,May,5,2,2022
20220512,12-05-2022,Thursday,20,May,May,5,2,2022
20220513,13-05-2022,Friday,20,May,May,5,2,2022
20220514,14-05-2022,Saturday,20,May,May,5,2,2022
20220515,15-05-2022,Sunday,21,May,May,5,2,2022
20220516,16-05-2022,Monday,21,May,May,5,2,2022
20220517,17-05-2022,Tuesday,21,May,May,5,2,2022
20220518,18-05-2022,Wednesday,21,May,May,5,2,2022
20220519,19-05-2022,Thursday,21,May,May,5,2,2022
20220520,20-05-2022,Friday,21,May,May,5,2,2022
20220521,21-05-2022,Saturday,21,May,May,5,2,2022
20220522,22-05-2022,Sunday,22,May,May,5,2,2022
20220523,23-05-2022,Monday,22,May,May,5,2,2022
20220524,24-05-2022,Tuesday,22,May,May,5,2,2022
20220525,25-05-2022,Wednesday,22,May,May,5,2,2022
20220526,26-05-2022,Thursday,22,May,May,5,2,2022
20220527,27-05-2022,Friday,22,May,May,5,2,2022
20220528,28-05-2022,Saturday,22,May,May,5,2,2022
20220529,29-05-2022,Sunday,23,May,May,5,2,2022
20220530,30-05-2022,Monday,23,May,May,5,2,2022
20220531,31-05-2022,Tuesday,23,May,May,5,2,2022
20220601,01-06-2022,Wednesday,23,June,Jun,6,2,2022
20220602,02-06-2022,Thursday,23,June,Jun,6,2,2022
20220603,03-06-2022,Friday,23,June,Jun,6,2,2022
20220604,04-06-2022,Saturday,23,June,Jun,6,2,2022
20220605,05-06-2022,Sunday,24,June,Jun,6,2,2022
20220606,06-06-2022,Monday,24,June,Jun,6,2,2022
20220607,07-06-2022,Tuesday,24,June,Jun,6,2,2022
20220608,08-06-2022,Wednesday,24,June,Jun,6,2,2022
20220609,09-06-2022,Thursday,24,June,Jun,6,2,2022
20220610,10-06-2022,Friday,24,June,Jun,6,2,2022
20220611,11-06-2022,Saturday,24,June,Jun,6,2,2022
20220612,12-06-2022,Sunday,25,June,Jun,6,2,2022
20220613,13-06-2022,Monday,25,June,Jun,6,2,2022
20220614,14-06-2022,Tuesday,25,June,Jun,6,2,2022
20220615,15-06-2022,Wednesday,25,June,Jun,6,2,2022
20220616,16-06-2022,Thursday,25,June,Jun,6,2,2022
20220617,17-06-2022,Friday,25,June,Jun,6,2,2022
20220618,18-06-2022,Saturday,25,June,Jun,6,2,2022
20220619,19-06-2022,Sunday,26,June,Jun,6,2,2022
20220620,20-06-2022,Monday,26,June,Jun,6,2,2022
20220621,21-06-2022,Tuesday,26,June,Jun,6,2,2022
20220622,22-06-2022,Wednesday,26,June,Jun,6,2,2022
20220623,23-06-2022,Thursday,26,June,Jun,6,2,2022
20220624,24-06-2022,Friday,26,June,Jun,6,2,2022
20220625,25-06-2022,Saturday,26,June,Jun,6,2,2022
20220626,26-06-2022,Sunday,27,June,Jun,6,2,2022
20220627,27-06-2022,Monday,27,June,Jun,6,2,2022
20220628,28-06-2022,Tuesday,27,June,Jun,6,2,2022
20220629,29-06-2022,Wednesday,27,June,Jun,6,2,2022
20220630,30-06-2022,Thursday,27,June,Jun,6,2,2022
20220701,01-07-2022,Friday,27,July,Jul,7,3,2022
20220702,02-07-2022,Saturday,27,July,Jul,7,3,2022
20220703,03-07-2022,Sunday,28,July,Jul,7,3,2022
20220704,04-07-2022,Monday,28,July,Jul,7,3,2022
20220705,05-07-2022,Tuesday,28,July,Jul,7,3,2022
20220706,06-07-2022,Wednesday,28,July,Jul,7,3,2022
20220707,07-07-2022,Thursday,28,July,Jul,7,3,2022
20220708,08-07-2022,Friday,28,July,Jul,7,3,2022
20220709,09-07-2022,Saturday,28,July,Jul,7,3,2022
20220710,10-07-2022,Sunday,29,July,Jul,7,3,2022
20220711,11-07-2022,Monday,29,July,Jul,7,3,2022
20220712,12-07-2022,Tuesday,29,July,Jul,7,3,2022
20220713,13-07-2022,Wednesday,29,July,Jul,7,3,2022
20220714,14-07-2022,Thursday,29,July,Jul,7,3,2022
20220715,15-07-2022,Friday,29,July,Jul,7,3,2022
20220716,16-07-2022,Saturday,29,July,Jul,7,3,2022
20220717,17-07-2022,Sunday,30,July,Jul,7,3,2022
20220718,18-07-2022,Monday,30,July,Jul,7,3,2022
20220719,19-07-2022,Tuesday,30,July,Jul,7,3,2022
20220720,20-07-2022,Wednesday,30,July,Jul,7,3,2022
20220721,21-07-2022,Thursday,30,July,Jul,7,3,2022
20220722,22-07-2022,Friday,30,July,Jul,7,3,2022
20220723,23-07-2022,Saturday,30,July,Jul,7,3,2022
20220724,24-07-2022,Sunday,31,July,Jul,7,3,2022
20220725,25-07-2022,Monday,31,July,Jul,7,3,2022
20220726,26-07-2022,Tuesday,31,July,Jul,7,3,2022
20220727,27-07-2022,Wednesday,31,July,Jul,7,3,2022
20220728,28-07-2022,Thursday,31,July,Jul,7,3,2022
20220729,29-07-2022,Friday,31,July,Jul,7,3,2022
20220730,30-07-2022,Saturday,31,July,Jul,7,3,2022
20220731,31-07-2022,Sunday,32,July,Jul,7,3,2022
20220801,01-08-2022,Monday,32,August,Aug,8,3,2022
20220802,02-08-2022,Tuesday,32,August,Aug,8,3,2022
20220803,03-08-2022,Wednesday,32,August,Aug,8,3,2022
20220804,04-08-2022,Thursday,32,August,Aug,8,3,2022
20220805,05-08-2022,Friday,32,August,Aug,8,3,2022
20220806,06-08-2022,Saturday,32,August,Aug,8,3,2022
20220807,07-08-2022,Sunday,33,August,Aug,8,3,2022
20220808,08-08-2022,Monday,33,August,Aug,8,3,2022
20220809,09-08-2022,Tuesday,33,August,Aug,8,3,2022
20220810,10-08-2022,Wednesday,33,August,Aug,8,3,2022
20220811,11-08-2022,Thursday,33,August,Aug,8,3,2022
20220812,12-08-2022,Friday,33,August,Aug,8,3,2022
20220813,13-08-2022,Saturday,33,August,Aug,8,3,2022
20220814,14-08-2022,Sunday,34,August,Aug,8,3,2022
20220815,15-08-2022,Monday,34,August,Aug,8,3,2022
20220816,16-08-2022,Tuesday,34,August,Aug,8,3,2022
20220817,17-08-2022,Wednesday,34,August,Aug,8,3,2022
20220818,18-08-2022,Thursday,34,August,Aug,8,3,2022
20220819,19-08-2022,Friday,34,August,Aug,8,3,2022
20220820,20-08-2022,Saturday,34,August,Aug,8,3,2022
20220821,21-08-2022,Sunday,35,August,Aug,8,3,2022
20220822,22-08-2022,Monday,35,August,Aug,8,3,2022
20220823,23-08-2022,Tuesday,35,August,Aug,8,3,2022
20220824,24-08-2022,Wednesday,35,August,Aug,8,3,2022
20220825,25-08-2022,Thursday,35,August,Aug,8,3,2022
20220826,26-08-2022,Friday,35,August,Aug,8,3,2022
20220827,27-08-2022,Saturday,35,August,Aug,8,3,2022
20220828,28-08-2022,Sunday,36,August,Aug,8,3,2022
20220829,29-08-2022,Monday,36,August,Aug,8,3,2022
20220830,30-08-2022,Tuesday,36,August,Aug,8,3,2022
20220831,31-08-2022,Wednesday,36,August,Aug,8,3,2022
20220901,01-09-2022,Thursday,36,September,Sep,9,3,2022
20220902,02-09-2022,Friday,36,September,Sep,9,3,2022
20220903,03-09-2022,Saturday,36,September,Sep,9,3,2022
20220904,04-09-2022,Sunday,37,September,Sep,9,3,2022
20220905,05-09-2022,Monday,37,September,Sep,9,3,2022
20220906,06-09-2022,Tuesday,37,September,Sep,9,3,2022
20220907,07-09-2022,Wednesday,37,September,Sep,9,3,2022
20220908,08-09-2022,Thursday,37,September,Sep,9,3,2022
20220909,09-09-2022,Friday,37,September,Sep,9,3,2022
20220910,10-09-2022,Saturday,37,September,Sep,9,3,2022
20220911,11-09-2022,Sunday,38,September,Sep,9,3,2022
20220912,12-09-2022,Monday,38,September,Sep,9,3,2022
20220913,13-09-2022,Tuesday,38,September,Sep,9,3,2022
20220914,14-09-2022,Wednesday,38,September,Sep,9,3,2022
20220915,15-09-2022,Thursday,38,September,Sep,9,3,2022
20220916,16-09-2022,Friday,38,September,Sep,9,3,2022
20220917,17-09-2022,Saturday,38,September,Sep,9,3,2022
20220918,18-09-2022,Sunday,39,September,Sep,9,3,2022
20220919,19-09-2022,Monday,39,September,Sep,9,3,2022
20220920,20-09-2022,Tuesday,39,September,Sep,9,3,2022
20220921,21-09-2022,Wednesday,39,September,Sep,9,3,2022
20220922,22-09-2022,Thursday,39,September,Sep,9,3,2022
20220923,23-09-2022,Friday,39,September,Sep,9,3,2022
20220924,24-09-2022,Saturday,39,September,Sep,9,3,2022
20220925,25-09-2022,Sunday,40,September,Sep,9,3,2022
20220926,26-09-2022,Monday,40,September,Sep,9,3,2022
20220927,27-09-2022,Tuesday,40,September,Sep,9,3,2022
20220928,28-09-2022,Wednesday,40,September,Sep,9,3,2022
20220929,29-09-2022,Thursday,40,September,Sep,9,3,2022
20220930,30-09-2022,Friday,40,September,Sep,9,3,2022
20221001,01-10-2022,Saturday,40,October,Oct,10,4,2022
20221002,02-10-2022,Sunday,41,October,Oct,10,4,2022
20221003,03-10-2022,Monday,41,October,Oct,10,4,2022
20221004,04-10-2022,Tuesday,41,October,Oct,10,4,2022
20221005,05-10-2022,Wednesday,41,October,Oct,10,4,2022
20221006,06-10-2022,Thursday,41,October,Oct,10,4,2022
20221007,07-10-2022,Friday,41,October,Oct,10,4,2022
20221008,08-10-2022,Saturday,41,October,Oct,10,4,2022
20221009,09-10-2022,Sunday,42,October,Oct,10,4,2022
20221010,10-10-2022,Monday,42,October,Oct,10,4,2022
20221011,11-10-2022,Tuesday,42,October,Oct,10,4,2022
20221012,12-10-2022,Wednesday,42,October,Oct,10,4,2022
20221013,13-10-2022,Thursday,42,October,Oct,10,4,2022
20221014,14-10-2022,Friday,42,October,Oct,10,4,2022
20221015,15-10-2022,Saturday,42,October,Oct,10,4,2022
20221016,16-10-2022,Sunday,43,October,Oct,10,4,2022
20221017,17-10-2022,Monday,43,October,Oct,10,4,2022
20221018,18-10-2022,Tuesday,43,October,Oct,10,4,2022
20221019,19-10-2022,Wednesday,43,October,Oct,10,4,2022
20221020,20-10-2022,Thursday,43,October,Oct,10,4,2022
20221021,21-10-2022,Friday,43,October,Oct,10,4,2022
20221022,22-10-2022,Saturday,43,October,Oct,10,4,2022
20221023,23-10-2022,Sunday,44,October,Oct,10,4,2022
20221024,24-10-2022,Monday,44,October,Oct,10,4,2022
20221025,25-10-2022,Tuesday,44,October,Oct,10,4,2022
20221026,26-10-2022,Wednesday,44,October,Oct,10,4,2022
20221027,27-10-2022,Thursday,44,October,Oct,10,4,2022
20221028,28-10-2022,Friday,44,October,Oct,10,4,2022
20221029,29-10-2022,Saturday,44,October,Oct,10,4,2022
20221030,30-10-2022,Sunday,45,October,Oct,10,4,2022
20221031,31-10-2022,Monday,45,October,Oct,10,4,2022
20221101,01-11-2022,Tuesday,45,November,Nov,11,4,2022
20221102,02-11-2022,Wednesday,45,November,Nov,11,4,2022
20221103,03-11-2022,Thursday,45,November,Nov,11,4,2022
20221104,04-11-2022,Friday,45,November,Nov,11,4,2022
20221105,05-11-2022,Saturday,45,November,Nov,11,4,2022
20221106,06-11-2022,Sunday,46,November,Nov,11,4,2022
20221107,07-11-2022,Monday,46,November,Nov,11,4,2022
20221108,08-11-2022,Tuesday,46,November,Nov,11,4,2022
20221109,09-11-2022,Wednesday,46,November,Nov,11,4,2022
20221110,10-11-2022,Thursday,46,November,Nov,11,4,2022
20221111,11-11-2022,Friday,46,November,Nov,11,4,2022
20221112,12-11-2022,Saturday,46,November,Nov,11,4,2022
20221113,13-11-2022,Sunday,47,November,Nov,11,4,2022
20221114,14-11-2022,Monday,47,November,Nov,11,4,2022
20221115,15-11-2022,Tuesday,47,November,Nov,11,4,2022
20221116,16-11-2022,Wednesday,47,November,Nov,11,4,2022
20221117,17-11-2022,Thursday,47,November,Nov,11,4,2022
20221118,18-11-2022,Friday,47,November,Nov,11,4,2022
20221119,19-11-2022,Saturday,47,November,Nov,11,4,2022
20221120,20-11-2022,Sunday,48,November,Nov,11,4,2022
20221121,21-11-2022,Monday,48,November,Nov,11,4,2022
20221122,22-11-2022,Tuesday,48,November,Nov,11,4,2022
20221123,23-11-2022,Wednesday,48,November,Nov,11,4,2022
20221124,24-11-2022,Thursday,48,November,Nov,11,4,2022
20221125,25-11-2022,Friday,48,November,Nov,11,4,2022
20221126,26-11-2022,Saturday,48,November,Nov,11,4,2022
20221127,27-11-2022,Sunday,49,November,Nov,11,4,2022
20221128,28-11-2022,Monday,49,November,Nov,11,4,2022
20221129,29-11-2022,Tuesday,49,November,Nov,11,4,2022
20221130,30-11-2022,Wednesday,49,November,Nov,11,4,2022
20221201,01-12-2022,Thursday,49,December,Dec,12,4,2022
20221202,02-12-2022,Friday,49,December,Dec,12,4,2022
20221203,03-12-2022,Saturday,49,December,Dec,12,4,2022
20221204,04-12-2022,Sunday,50,December,Dec,12,4,2022
20221205,05-12-2022,Monday,50,December,Dec,12,4,2022
20221206,06-12-2022,Tuesday,50,December,Dec,12,4,2022
20221207,07-12-2022,Wednesday,50,December,Dec,12,4,2022
20221208,08-12-2022,Thursday,50,December,Dec,12,4,2022
20221209,09-12-2022,Friday,50,December,Dec,12,4,2022
20221210,10-12-2022,Saturday,50,December,Dec,12,4,2022
20221211,11-12-2022,Sunday,51,December,Dec,12,4,2022
20221212,12-12-2022,Monday,51,December,Dec,12,4,2022
20221213,13-12-2022,Tuesday,51,December,Dec,12,4,2022
20221214,14-12-2022,Wednesday,51,December,Dec,12,4,2022
20221215,15-12-2022,Thursday,51,December,Dec,12,4,2022
20221216,16-12-2022,Friday,51,December,Dec,12,4,2022
20221217,17-12-2022,Saturday,51,December,Dec,12,4,2022
20221218,18-12-2022,Sunday,52,December,Dec,12,4,2022
20221219,19-12-2022,Monday,52,December,Dec,12,4,2022
20221220,20-12-2022,Tuesday,52,December,Dec,12,4,2022
20221221,21-12-2022,Wednesday,52,December,Dec,12,4,2022
20221222,22-12-2022,Thursday,52,December,Dec,12,4,2022
20221223,23-12-2022,Friday,52,December,Dec,12,4,2022
20221224,24-12-2022,Saturday,52,December,Dec,12,4,2022
20221225,25-12-2022,Sunday,53,December,Dec,12,4,2022
20221226,26-12-2022,Monday,53,December,Dec,12,4,2022
20221227,27-12-2022,Tuesday,53,December,Dec,12,4,2022
20221228,28-12-2022,Wednesday,53,December,Dec,12,4,2022
20221229,29-12-2022,Thursday,53,December,Dec,12,4,2022
20221230,30-12-2022,Friday,53,December,Dec,12,4,2022
20221231,31-12-2022,Saturday,53,December,Dec,12,4,2022
20230101,01-01-2023,Sunday,1,January,Jan,1,1,2023
20230102,02-01-2023,Monday,1,January,Jan,1,1,2023
20230103,03-01-2023,Tuesday,1,January,Jan,1,1,2023
20230104,04-01-2023,Wednesday,1,January,Jan,1,1,2023
20230105,05-01-2023,Thursday,1,January,Jan,1,1,2023
20230106,06-01-2023,Friday,1,January,Jan,1,1,2023
20230107,07-01-2023,Saturday,1,January,Jan,1,1,2023
20230108,08-01-2023,Sunday,2,January,Jan,1,1,2023
20230109,09-01-2023,Monday,2,January,Jan,1,1,2023
20230110,10-01-2023,Tuesday,2,January,Jan,1,1,2023
20230111,11-01-2023,Wednesday,2,January,Jan,1,1,2023
20230112,12-01-2023,Thursday,2,January,Jan,1,1,2023
20230113,13-01-2023,Friday,2,January,Jan,1,1,2023
20230114,14-01-2023,Saturday,2,January,Jan,1,1,2023
20230115,15-01-2023,Sunday,3,January,Jan,1,1,2023
20230116,16-01-2023,Monday,3,January,Jan,1,1,2023
20230117,17-01-2023,Tuesday,3,January,Jan,1,1,2023
20230118,18-01-2023,Wednesday,3,January,Jan,1,1,2023
20230119,19-01-2023,Thursday,3,January,Jan,1,1,2023
20230120,20-01-2023,Friday,3,January,Jan,1,1,2023
20230121,21-01-2023,Saturday,3,January,Jan,1,1,2023
20230122,22-01-2023,Sunday,4,January,Jan,1,1,2023
20230123,23-01-2023,Monday,4,January,Jan,1,1,2023
20230124,24-01-2023,Tuesday,4,January,Jan,1,1,2023
20230125,25-01-2023,Wednesday,4,January,Jan,1,1,2023
20230126,26-01-2023,Thursday,4,January,Jan,1,1,2023
20230127,27-01-2023,Friday,4,January,Jan,1,1,2023
20230128,28-01-2023,Saturday,4,January,Jan,1,1,2023
20230129,29-01-2023,Sunday,5,January,Jan,1,1,2023
20230130,30-01-2023,Monday,5,January,Jan,1,1,2023
20230131,31-01-2023,Tuesday,5,January,Jan,1,1,2023
20230201,01-02-2023,Wednesday,5,February,Feb,2,1,2023
20230202,02-02-2023,Thursday,5,February,Feb,2,1,2023
20230203,03-02-2023,Friday,5,February,Feb,2,1,2023
20230204,04-02-2023,Saturday,5,February,Feb,2,1,2023
20230205,05-02-2023,Sunday,6,February,Feb,2,1,2023
20230206,06-02-2023,Monday,6,February,Feb,2,1,2023
20230207,07-02-2023,Tuesday,6,February,Feb,2,1,2023
20230208,08-02-2023,Wednesday,6,February,Feb,2,1,2023
20230209,09-02-2023,Thursday,6,February,Feb,2,1,2023
20230210,10-02-2023,Friday,6,February,Feb,2,1,2023
20230211,11-02-2023,Saturday,6,February,Feb,2,1,2023
20230212,12-02-2023,Sunday,7,February,Feb,2,1,2023
20230213,13-02-2023,Monday,7,February,Feb,2,1,2023
20230214,14-02-2023,Tuesday,7,February,Feb,2,1,2023
20230215,15-02-2023,Wednesday,7,February,Feb,2,1,2023
20230216,16-02-2023,Thursday,7,February,Feb,2,1,2023
20230217,17-02-2023,Friday,7,February,Feb,2,1,2023
20230218,18-02-2023,Saturday,7,February,Feb,2,1,2023
20230219,19-02-2023,Sunday,8,February,Feb,2,1,2023
20230220,20-02-2023,Monday,8,February,Feb,2,1,2023
20230221,21-02-2023,Tuesday,8,February,Feb,2,1,2023
20230222,22-02-2023,Wednesday,8,February,Feb,2,1,2023
20230223,23-02-2023,Thursday,8,February,Feb,2,1,2023
20230224,24-02-2023,Friday,8,February,Feb,2,1,2023
20230225,25-02-2023,Saturday,8,February,Feb,2,1,2023
20230226,26-02-2023,Sunday,9,February,Feb,2,1,2023
20230227,27-02-2023,Monday,9,February,Feb,2,1,2023
20230228,28-02-2023,Tuesday,9,February,Feb,2,1,2023
20230301,01-03-2023,Wednesday,9,March,Mar,3,1,2023
20230302,02-03-2023,Thursday,9,March,Mar,3,1,2023
20230303,03-03-2023,Friday,9,March,Mar,3,1,2023
20230304,04-03-2023,Saturday,9,March,Mar,3,1,2023
20230305,05-03-2023,Sunday,10,March,Mar,3,1,2023
20230306,06-03-2023,Monday,10,March,Mar,3,1,2023
20230307,07-03-2023,Tuesday,10,March,Mar,3,1,2023
20230308,08-03-2023,Wednesday,10,March,Mar,3,1,2023
20230309,09-03-2023,Thursday,10,March,Mar,3,1,2023
20230310,10-03-2023,Friday,10,March,Mar,3,1,2023
20230311,11-03-2023,Saturday,10,March,Mar,3,1,2023
20230312,12-03-2023,Sunday,11,March,Mar,3,1,2023
20230313,13-03-2023,Monday,11,March,Mar,3,1,2023
20230314,14-03-2023,Tuesday,11,March,Mar,3,1,2023
20230315,15-03-2023,Wednesday,11,March,Mar,3,1,2023
20230316,16-03-2023,Thursday,11,March,Mar,3,1,2023
20230317,17-03-2023,Friday,11,March,Mar,3,1,2023
20230318,18-03-2023,Saturday,11,March,Mar,3,1,2023
20230319,19-03-2023,Sunday,12,March,Mar,3,1,2023
20230320,20-03-2023,Monday,12,March,Mar,3,1,2023
20230321,21-03-2023,Tuesday,12,March,Mar,3,1,2023
20230322,22-03-2023,Wednesday,12,March,Mar,3,1,2023
20230323,23-03-2023,Thursday,12,March,Mar,3,1,2023
20230324,24-03-2023,Friday,12,March,Mar,3,1,2023
20230325,25-03-2023,Saturday,12,March,Mar,3,1,2023
20230326,26-03-2023,Sunday,13,March,Mar,3,1,2023
20230327,27-03-2023,Monday,13,March,Mar,3,1,2023
20230328,28-03-2023,Tuesday,13,March,Mar,3,1,2023
20230329,29-03-2023,Wednesday,13,March,Mar,3,1,2023
20230330,30-03-2023,Thursday,13,March,Mar,3,1,2023
20230331,31-03-2023,Friday,13,March,Mar,3,1,2023
20230401,01-04-2023,Saturday,13,April,Apr,4,2,2023
20230402,02-04-2023,Sunday,14,April,Apr,4,2,2023
20230403,03-04-2023,Monday,14,April,Apr,4,2,2023
20230404,04-04-2023,Tuesday,14,April,Apr,4,2,2023
20230405,05-04-2023,Wednesday,14,April,Apr,4,2,2023
20230406,06-04-2023,Thursday,14,April,Apr,4,2,2023
20230407,07-04-2023,Friday,14,April,Apr,4,2,2023
20230408,08-04-2023,Saturday,14,April,Apr,4,2,2023
20230409,09-04-2023,Sunday,15,April,Apr,4,2,2023
20230410,10-04-2023,Monday,15,April,Apr,4,2,2023
20230411,11-04-2023,Tuesday,15,April,Apr,4,2,2023
20230412,12-04-2023,Wednesday,15,April,Apr,4,2,2023
20230413,13-04-2023,Thursday,15,April,Apr,4,2,2023
20230414,14-04-2023,Friday,15,April,Apr,4,2,2023
20230415,15-04-2023,Saturday,15,April,Apr,4,2,2023
20230416,16-04-2023,Sunday,16,April,Apr,4,2,2023
20230417,17-04-2023,Monday,16,April,Apr,4,2,2023
20230418,18-04-2023,Tuesday,16,April,Apr,4,2,2023
20230419,19-04-2023,Wednesday,16,April,Apr,4,2,2023
20230420,20-04-2023,Thursday,16,April,Apr,4,2,2023
20230421,21-04-2023,Friday,16,April,Apr,4,2,2023
20230422,22-04-2023,Saturday,16,April,Apr,4,2,2023
20230423,23-04-2023,Sunday,17,April,Apr,4,2,2023
20230424,24-04-2023,Monday,17,April,Apr,4,2,2023
20230425,25-04-2023,Tuesday,17,April,Apr,4,2,2023
20230426,26-04-2023,Wednesday,17,April,Apr,4,2,2023
20230427,27-04-2023,Thursday,17,April,Apr,4,2,2023
20230428,28-04-2023,Friday,17,April,Apr,4,2,2023
20230429,29-04-2023,Saturday,17,April,Apr,4,2,2023
20230430,30-04-2023,Sunday,18,April,Apr,4,2,2023
20230501,01-05-2023,Monday,18,May,May,5,2,2023
20230502,02-05-2023,Tuesday,18,May,May,5,2,2023
20230503,03-05-2023,Wednesday,18,May,May,5,2,2023
20230504,04-05-2023,Thursday,18,May,May,5,2,2023
20230505,05-05-2023,Friday,18,May,May,5,2,2023
20230506,06-05-2023,Saturday,18,May,May,5,2,2023
20230507,07-05-2023,Sunday,19,May,May,5,2,2023
20230508,08-05-2023,Monday,19,May,May,5,2,2023
20230509,09-05-2023,Tuesday,19,May,May,5,2,2023
20230510,10-05-2023,Wednesday,19,May,May,5,2,2023
20230511,11-05-2023,Thursday,19,May,May,5,2,2023
20230512,12-05-2023,Friday,19,May,May,5,2,2023
20230513,13-05-2023,Saturday,19,May,May,5,2,2023
20230514,14-05-2023,Sunday,20,May,May,5,2,2023
20230515,15-05-2023,Monday,20,May,May,5,2,2023
20230516,16-05-2023,Tuesday,20,May,May,5,2,2023
20230517,17-05-2023,Wednesday,20,May,May,5,2,2023
20230518,18-05-2023,Thursday,20,May,May,5,2,2023
20230519,19-05-2023,Friday,20,May,May,5,2,2023
20230520,20-05-2023,Saturday,20,May,May,5,2,2023
20230521,21-05-2023,Sunday,21,May,May,5,2,2023
20230522,22-05-2023,Monday,21,May,May,5,2,2023
20230523,23-05-2023,Tuesday,21,May,May,5,2,2023
20230524,24-05-2023,Wednesday,21,May,May,5,2,2023
20230525,25-05-2023,Thursday,21,May,May,5,2,2023
20230526,26-05-2023,Friday,21,May,May,5,2,2023
20230527,27-05-2023,Saturday,21,May,May,5,2,2023
20230528,28-05-2023,Sunday,22,May,May,5,2,2023
20230529,29-05-2023,Monday,22,May,May,5,2,2023
20230530,30-05-2023,Tuesday,22,May,May,5,2,2023
20230531,31-05-2023,Wednesday,22,May,May,5,2,2023
20230601,01-06-2023,Thursday,22,June,Jun,6,2,2023
20230602,02-06-2023,Friday,22,June,Jun,6,2,2023
20230603,03-06-2023,Saturday,22,June,Jun,6,2,2023
20230604,04-06-2023,Sunday,23,June,Jun,6,2,2023
20230605,05-06-2023,Monday,23,June,Jun,6,2,2023
20230606,06-06-2023,Tuesday,23,June,Jun,6,2,2023
20230607,07-06-2023,Wednesday,23,June,Jun,6,2,2023
20230608,08-06-2023,Thursday,23,June,Jun,6,2,2023
20230609,09-06-2023,Friday,23,June,Jun,6,2,2023
20230610,10-06-2023,Saturday,23,June,Jun,6,2,2023
20230611,11-06-2023,Sunday,24,June,Jun,6,2,2023
20230612,12-06-2023,Monday,24,June,Jun,6,2,2023
20230613,13-06-2023,Tuesday,24,June,Jun,6,2,2023
20230614,14-06-2023,Wednesday,24,June,Jun,6,2,2023
20230615,15-06-2023,Thursday,24,June,Jun,6,2,2023
20230616,16-06-2023,Friday,24,June,Jun,6,2,2023
20230617,17-06-2023,Saturday,24,June,Jun,6,2,2023
20230618,18-06-2023,Sunday,25,June,Jun,6,2,2023
20230619,19-06-2023,Monday,25,June,Jun,6,2,2023
20230620,20-06-2023,Tuesday,25,June,Jun,6,2,2023
20230621,21-06-2023,Wednesday,25,June,Jun,6,2,2023
20230622,22-06-2023,Thursday,25,June,Jun,6,2,2023
20230623,23-06-2023,Friday,25,June,Jun,6,2,2023
20230624,24-06-2023,Saturday,25,June,Jun,6,2,2023
20230625,25-06-2023,Sunday,26,June,Jun,6,2,2023
20230626,26-06-2023,Monday,26,June,Jun,6,2,2023
20230627,27-06-2023,Tuesday,26,June,Jun,6,2,2023
20230628,28-06-2023,Wednesday,26,June,Jun,6,2,2023
20230629,29-06-2023,Thursday,26,June,Jun,6,2,2023
20230630,30-06-2023,Friday,26,June,Jun,6,2,2023
20230701,01-07-2023,Saturday,26,July,Jul,7,3,2023
20230702,02-07-2023,Sunday,27,July,Jul,7,3,2023
20230703,03-07-2023,Monday,27,July,Jul,7,3,2023
20230704,04-07-2023,Tuesday,27,July,Jul,7,3,2023
20230705,05-07-2023,Wednesday,27,July,Jul,7,3,2023
20230706,06-07-2023,Thursday,27,July,Jul,7,3,2023
20230707,07-07-2023,Friday,27,July,Jul,7,3,2023
20230708,08-07-2023,Saturday,27,July,Jul,7,3,2023
20230709,09-07-2023,Sunday,28,July,Jul,7,3,2023
20230710,10-07-2023,Monday,28,July,Jul,7,3,2023
20230711,11-07-2023,Tuesday,28,July,Jul,7,3,2023
20230712,12-07-2023,Wednesday,28,July,Jul,7,3,2023
20230713,13-07-2023,Thursday,28,July,Jul,7,3,2023
20230714,14-07-2023,Friday,28,July,Jul,7,3,2023
20230715,15-07-2023,Saturday,28,July,Jul,7,3,2023
20230716,16-07-2023,Sunday,29,July,Jul,7,3,2023
20230717,17-07-2023,Monday,29,July,Jul,7,3,2023
20230718,18-07-2023,Tuesday,29,July,Jul,7,3,2023
20230719,19-07-2023,Wednesday,29,July,Jul,7,3,2023
20230720,20-07-2023,Thursday,29,July,Jul,7,3,2023
20230721,21-07-2023,Friday,29,July,Jul,7,3,2023
20230722,22-07-2023,Saturday,29,July,Jul,7,3,2023
20230723,23-07-2023,Sunday,30,July,Jul,7,3,2023
20230724,24-07-2023,Monday,30,July,Jul,7,3,2023
20230725,25-07-2023,Tuesday,30,July,Jul,7,3,2023
20230726,26-07-2023,Wednesday,30,July,Jul,7,3,2023
20230727,27-07-2023,Thursday,30,July,Jul,7,3,2023
20230728,28-07-2023,Friday,30,July,Jul,7,3,2023
20230729,29-07-2023,Saturday,30,July,Jul,7,3,2023
20230730,30-07-2023,Sunday,31,July,Jul,7,3,2023
20230731,31-07-2023,Monday,31,July,Jul,7,3,2023
20230801,01-08-2023,Tuesday,31,August,Aug,8,3,2023
20230802,02-08-2023,Wednesday,31,August,Aug,8,3,2023
20230803,03-08-2023,Thursday,31,August,Aug,8,3,2023
20230804,04-08-2023,Friday,31,August,Aug,8,3,2023
20230805,05-08-2023,Saturday,31,August,Aug,8,3,2023
20230806,06-08-2023,Sunday,32,August,Aug,8,3,2023
20230807,07-08-2023,Monday,32,August,Aug,8,3,2023
20230808,08-08-2023,Tuesday,32,August,Aug,8,3,2023
20230809,09-08-2023,Wednesday,32,August,Aug,8,3,2023
20230810,10-08-2023,Thursday,32,August,Aug,8,3,2023
20230811,11-08-2023,Friday,32,August,Aug,8,3,2023
20230812,12-08-2023,Saturday,32,August,Aug,8,3,2023
20230813,13-08-2023,Sunday,33,August,Aug,8,3,2023
20230814,14-08-2023,Monday,33,August,Aug,8,3,2023
20230815,15-08-2023,Tuesday,33,August,Aug,8,3,2023
20230816,16-08-2023,Wednesday,33,August,Aug,8,3,2023
20230817,17-08-2023,Thursday,33,August,Aug,8,3,2023
20230818,18-08-2023,Friday,33,August,Aug,8,3,2023
20230819,19-08-2023,Saturday,33,August,Aug,8,3,2023
20230820,20-08-2023,Sunday,34,August,Aug,8,3,2023
20230821,21-08-2023,Monday,34,August,Aug,8,3,2023
20230822,22-08-2023,Tuesday,34,August,Aug,8,3,2023
20230823,23-08-2023,Wednesday,34,August,Aug,8,3,2023
20230824,24-08-2023,Thursday,34,August,Aug,8,3,2023
20230825,25-08-2023,Friday,34,August,Aug,8,3,2023
20230826,26-08-2023,Saturday,34,August,Aug,8,3,2023
20230827,27-08-2023,Sunday,35,August,Aug,8,3,2023
20230828,28-08-2023,Monday,35,August,Aug,8,3,2023
20230829,29-08-2023,Tuesday,35,August,Aug,8,3,2023
20230830,30-08-2023,Wednesday,35,August,Aug,8,3,2023
20230831,31-08-2023,Thursday,35,August,Aug,8,3,2023
20230901,01-09-2023,Friday,35,September,Sep,9,3,2023
20230902,02-09-2023,Saturday,35,September,Sep,9,3,2023
20230903,03-09-2023,Sunday,36,September,Sep,9,3,2023
20230904,04-09-2023,Monday,36,September,Sep,9,3,2023
20230905,05-09-2023,Tuesday,36,September,Sep,9,3,2023
20230906,06-09-2023,Wednesday,36,September,Sep,9,3,2023
20230907,07-09-2023,Thursday,36,September,Sep,9,3,2023
20230908,08-09-2023,Friday,36,September,Sep,9,3,2023
20230909,09-09-2023,Saturday,36,September,Sep,9,3,2023
20230910,10-09-2023,Sunday,37,September,Sep,9,3,2023
20230911,11-09-2023,Monday,37,September,Sep,9,3,2023
20230912,12-09-2023,Tuesday,37,September,Sep,9,3,2023
20230913,13-09-2023,Wednesday,37,September,Sep,9,3,2023
20230914,14-09-2023,Thursday,37,September,Sep,9,3,2023
20230915,15-09-2023,Friday,37,September,Sep,9,3,2023
20230916,16-09-2023,Saturday,37,September,Sep,9,3,2023
20230917,17-09-2023,Sunday,38,September,Sep,9,3,2023
20230918,18-09-2023,Monday,38,September,Sep,9,3,2023
20230919,19-09-2023,Tuesday,38,September,Sep,9,3,2023
20230920,20-09-2023,Wednesday,38,September,Sep,9,3,2023
20230921,21-09-2023,Thursday,38,September,Sep,9,3,2023
20230922,22-09-2023,Friday,38,September,Sep,9,3,2023
20230923,23-09-2023,Saturday,38,September,Sep,9,3,2023
20230924,24-09-2023,Sunday,39,September,Sep,9,3,2023
20230925,25-09-2023,Monday,39,September,Sep,9,3,2023
20230926,26-09-2023,Tuesday,39,September,Sep,9,3,2023
20230927,27-09-2023,Wednesday,39,September,Sep,9,3,2023
20230928,28-09-2023,Thursday,39,September,Sep,9,3,2023
20230929,29-09-2023,Friday,39,September,Sep,9,3,2023
20230930,30-09-2023,Saturday,39,September,Sep,9,3,2023
20231001,01-10-2023,Sunday,40,October,Oct,10,4,2023
20231002,02-10-2023,Monday,40,October,Oct,10,4,2023
20231003,03-10-2023,Tuesday,40,October,Oct,10,4,2023
20231004,04-10-2023,Wednesday,40,October,Oct,10,4,2023
20231005,05-10-2023,Thursday,40,October,Oct,10,4,2023
20231006,06-10-2023,Friday,40,October,Oct,10,4,2023
20231007,07-10-2023,Saturday,40,October,Oct,10,4,2023
20231008,08-10-2023,Sunday,41,October,Oct,10,4,2023
20231009,09-10-2023,Monday,41,October,Oct,10,4,2023
20231010,10-10-2023,Tuesday,41,October,Oct,10,4,2023
20231011,11-10-2023,Wednesday,41,October,Oct,10,4,2023
20231012,12-10-2023,Thursday,41,October,Oct,10,4,2023
20231013,13-10-2023,Friday,41,October,Oct,10,4,2023
20231014,14-10-2023,Saturday,41,October,Oct,10,4,2023
20231015,15-10-2023,Sunday,42,October,Oct,10,4,2023
20231016,16-10-2023,Monday,42,October,Oct,10,4,2023
20231017,17-10-2023,Tuesday,42,October,Oct,10,4,2023
20231018,18-10-2023,Wednesday,42,October,Oct,10,4,2023
20231019,19-10-2023,Thursday,42,October,Oct,10,4,2023
20231020,20-10-2023,Friday,42,October,Oct,10,4,2023
20231021,21-10-2023,Saturday,42,October,Oct,10,4,2023
20231022,22-10-2023,Sunday,43,October,Oct,10,4,2023
20231023,23-10-2023,Monday,43,October,Oct,10,4,2023
20231024,24-10-2023,Tuesday,43,October,Oct,10,4,2023
20231025,25-10-2023,Wednesday,43,October,Oct,10,4,2023
20231026,26-10-2023,Thursday,43,October,Oct,10,4,2023
20231027,27-10-2023,Friday,43,October,Oct,10,4,2023
20231028,28-10-2023,Saturday,43,October,Oct,10,4,2023
20231029,29-10-2023,Sunday,44,October,Oct,10,4,2023
20231030,30-10-2023,Monday,44,October,Oct,10,4,2023
20231031,31-10-2023,Tuesday,44,October,Oct,10,4,2023
20231101,01-11-2023,Wednesday,44,November,Nov,11,4,2023
20231102,02-11-2023,Thursday,44,November,Nov,11,4,2023
20231103,03-11-2023,Friday,44,November,Nov,11,4,2023
20231104,04-11-2023,Saturday,44,November,Nov,11,4,2023
20231105,05-11-2023,Sunday,45,November,Nov,11,4,2023
20231106,06-11-2023,Monday,45,November,Nov,11,4,2023
20231107,07-11-2023,Tuesday,45,November,Nov,11,4,2023
20231108,08-11-2023,Wednesday,45,November,Nov,11,4,2023
20231109,09-11-2023,Thursday,45,November,Nov,11,4,2023
20231110,10-11-2023,Friday,45,November,Nov,11,4,2023
20231111,11-11-2023,Saturday,45,November,Nov,11,4,2023
20231112,12-11-2023,Sunday,46,November,Nov,11,4,2023
20231113,13-11-2023,Monday,46,November,Nov,11,4,2023
20231114,14-11-2023,Tuesday,46,November,Nov,11,4,2023
20231115,15-11-2023,Wednesday,46,November,Nov,11,4,2023
20231116,16-11-2023,Thursday,46,November,Nov,11,4,2023
20231117,17-11-2023,Friday,46,November,Nov,11,4,2023
20231118,18-11-2023,Saturday,46,November,Nov,11,4,2023
20231119,19-11-2023,Sunday,47,November,Nov,11,4,2023
20231120,20-11-2023,Monday,47,November,Nov,11,4,2023
20231121,21-11-2023,Tuesday,47,November,Nov,11,4,2023
20231122,22-11-2023,Wednesday,47,November,Nov,11,4,2023
20231123,23-11-2023,Thursday,47,November,Nov,11,4,2023
20231124,24-11-2023,Friday,47,November,Nov,11,4,2023
20231125,25-11-2023,Saturday,47,November,Nov,11,4,2023
20231126,26-11-2023,Sunday,48,November,Nov,11,4,2023
20231127,27-11-2023,Monday,48,November,Nov,11,4,2023
20231128,28-11-2023,Tuesday,48,November,Nov,11,4,2023
20231129,29-11-2023,Wednesday,48,November,Nov,11,4,2023
20231130,30-11-2023,Thursday,48,November,Nov,11,4,2023
20231201,01-12-2023,Friday,48,December,Dec,12,4,2023
20231202,02-12-2023,Saturday,48,December,Dec,12,4,2023
20231203,03-12-2023,Sunday,49,December,Dec,12,4,2023
20231204,04-12-2023,Monday,49,December,Dec,12,4,2023
20231205,05-12-2023,Tuesday,49,December,Dec,12,4,2023
20231206,06-12-2023,Wednesday,49,December,Dec,12,4,2023
20231207,07-12-2023,Thursday,49,December,Dec,12,4,2023
20231208,08-12-2023,Friday,49,December,Dec,12,4,2023
20231209,09-12-2023,Saturday,49,December,Dec,12,4,2023
20231210,10-12-2023,Sunday,50,December,Dec,12,4,2023
20231211,11-12-2023,Monday,50,December,Dec,12,4,2023
20231212,12-12-2023,Tuesday,50,December,Dec,12,4,2023
20231213,13-12-2023,Wednesday,50,December,Dec,12,4,2023
20231214,14-12-2023,Thursday,50,December,Dec,12,4,2023
20231215,15-12-2023,Friday,50,December,Dec,12,4,2023
20231216,16-12-2023,Saturday,50,December,Dec,12,4,2023
20231217,17-12-2023,Sunday,51,December,Dec,12,4,2023
20231218,18-12-2023,Monday,51,December,Dec,12,4,2023
20231219,19-12-2023,Tuesday,51,December,Dec,12,4,2023
20231220,20-12-2023,Wednesday,51,December,Dec,12,4,2023
20231221,21-12-2023,Thursday,51,December,Dec,12,4,2023
20231222,22-12-2023,Friday,51,December,Dec,12,4,2023
20231223,23-12-2023,Saturday,51,December,Dec,12,4,2023
20231224,24-12-2023,Sunday,52,December,Dec,12,4,2023
20231225,25-12-2023,Monday,52,December,Dec,12,4,2023
20231226,26-12-2023,Tuesday,52,December,Dec,12,4,2023
20231227,27-12-2023,Wednesday,52,December,Dec,12,4,2023
20231228,28-12-2023,Thursday,52,December,Dec,12,4,2023
20231229,29-12-2023,Friday,52,December,Dec,12,4,2023
20231230,30-12-2023,Saturday,52,December,Dec,12,4,2023
20231231,31-12-2023,Sunday,53,December,Dec,12,4,2023
20240101,01-01-2024,Monday,1,January,Jan,1,1,2024
20240102,02-01-2024,Tuesday,1,January,Jan,1,1,2024
20240103,03-01-2024,Wednesday,1,January,Jan,1,1,2024
20240104,04-01-2024,Thursday,1,January,Jan,1,1,2024
20240105,05-01-2024,Friday,1,January,Jan,1,1,2024
20240106,06-01-2024,Saturday,1,January,Jan,1,1,2024
20240107,07-01-2024,Sunday,2,January,Jan,1,1,2024
20240108,08-01-2024,Monday,2,January,Jan,1,1,2024
20240109,09-01-2024,Tuesday,2,January,Jan,1,1,2024
20240110,10-01-2024,Wednesday,2,January,Jan,1,1,2024
20240111,11-01-2024,Thursday,2,January,Jan,1,1,2024
20240112,12-01-2024,Friday,2,January,Jan,1,1,2024
20240113,13-01-2024,Saturday,2,January,Jan,1,1,2024
20240114,14-01-2024,Sunday,3,January,Jan,1,1,2024
20240115,15-01-2024,Monday,3,January,Jan,1,1,2024
20240116,16-01-2024,Tuesday,3,January,Jan,1,1,2024
20240117,17-01-2024,Wednesday,3,January,Jan,1,1,2024
20240118,18-01-2024,Thursday,3,January,Jan,1,1,2024
20240119,19-01-2024,Friday,3,January,Jan,1,1,2024
20240120,20-01-2024,Saturday,3,January,Jan,1,1,2024
20240121,21-01-2024,Sunday,4,January,Jan,1,1,2024
20240122,22-01-2024,Monday,4,January,Jan,1,1,2024
20240123,23-01-2024,Tuesday,4,January,Jan,1,1,2024
20240124,24-01-2024,Wednesday,4,January,Jan,1,1,2024
20240125,25-01-2024,Thursday,4,January,Jan,1,1,2024
20240126,26-01-2024,Friday,4,January,Jan,1,1,2024
20240127,27-01-2024,Saturday,4,January,Jan,1,1,2024
20240128,28-01-2024,Sunday,5,January,Jan,1,1,2024
20240129,29-01-2024,Monday,5,January,Jan,1,1,2024
20240130,30-01-2024,Tuesday,5,January,Jan,1,1,2024
20240131,31-01-2024,Wednesday,5,January,Jan,1,1,2024
20240201,01-02-2024,Thursday,5,February,Feb,2,1,2024
20240202,02-02-2024,Friday,5,February,Feb,2,1,2024
20240203,03-02-2024,Saturday,5,February,Feb,2,1,2024
20240204,04-02-2024,Sunday,6,February,Feb,2,1,2024
20240205,05-02-2024,Monday,6,February,Feb,2,1,2024
20240206,06-02-2024,Tuesday,6,February,Feb,2,1,2024
20240207,07-02-2024,Wednesday,6,February,Feb,2,1,2024
20240208,08-02-2024,Thursday,6,February,Feb,2,1,2024
20240209,09-02-2024,Friday,6,February,Feb,2,1,2024
20240210,10-02-2024,Saturday,6,February,Feb,2,1,2024
20240211,11-02-2024,Sunday,7,February,Feb,2,1,2024
20240212,12-02-2024,Monday,7,February,Feb,2,1,2024
20240213,13-02-2024,Tuesday,7,February,Feb,2,1,2024
20240214,14-02-2024,Wednesday,7,February,Feb,2,1,2024
20240215,15-02-2024,Thursday,7,February,Feb,2,1,2024
20240216,16-02-2024,Friday,7,February,Feb,2,1,2024
20240217,17-02-2024,Saturday,7,February,Feb,2,1,2024
20240218,18-02-2024,Sunday,8,February,Feb,2,1,2024
20240219,19-02-2024,Monday,8,February,Feb,2,1,2024
20240220,20-02-2024,Tuesday,8,February,Feb,2,1,2024
20240221,21-02-2024,Wednesday,8,February,Feb,2,1,2024
20240222,22-02-2024,Thursday,8,February,Feb,2,1,2024
20240223,23-02-2024,Friday,8,February,Feb,2,1,2024
20240224,24-02-2024,Saturday,8,February,Feb,2,1,2024
20240225,25-02-2024,Sunday,9,February,Feb,2,1,2024
20240226,26-02-2024,Monday,9,February,Feb,2,1,2024
20240227,27-02-2024,Tuesday,9,February,Feb,2,1,2024
20240228,28-02-2024,Wednesday,9,February,Feb,2,1,2024
20240229,29-02-2024,Thursday,9,February,Feb,2,1,2024
20240301,01-03-2024,Friday,9,March,Mar,3,1,2024
20240302,02-03-2024,Saturday,9,March,Mar,3,1,2024
20240303,03-03-2024,Sunday,10,March,Mar,3,1,2024
20240304,04-03-2024,Monday,10,March,Mar,3,1,2024
20240305,05-03-2024,Tuesday,10,March,Mar,3,1,2024
20240306,06-03-2024,Wednesday,10,March,Mar,3,1,2024
20240307,07-03-2024,Thursday,10,March,Mar,3,1,2024
20240308,08-03-2024,Friday,10,March,Mar,3,1,2024
20240309,09-03-2024,Saturday,10,March,Mar,3,1,2024
20240310,10-03-2024,Sunday,11,March,Mar,3,1,2024
20240311,11-03-2024,Monday,11,March,Mar,3,1,2024
20240312,12-03-2024,Tuesday,11,March,Mar,3,1,2024
20240313,13-03-2024,Wednesday,11,March,Mar,3,1,2024
20240314,14-03-2024,Thursday,11,March,Mar,3,1,2024
20240315,15-03-2024,Friday,11,March,Mar,3,1,2024
20240316,16-03-2024,Saturday,11,March,Mar,3,1,2024
20240317,17-03-2024,Sunday,12,March,Mar,3,1,2024
20240318,18-03-2024,Monday,12,March,Mar,3,1,2024
20240319,19-03-2024,Tuesday,12,March,Mar,3,1,2024
20240320,20-03-2024,Wednesday,12,March,Mar,3,1,2024
20240321,21-03-2024,Thursday,12,March,Mar,3,1,2024
20240322,22-03-2024,Friday,12,March,Mar,3,1,2024
20240323,23-03-2024,Saturday,12,March,Mar,3,1,2024
20240324,24-03-2024,Sunday,13,March,Mar,3,1,2024
20240325,25-03-2024,Monday,13,March,Mar,3,1,2024
20240326,26-03-2024,Tuesday,13,March,Mar,3,1,2024
20240327,27-03-2024,Wednesday,13,March,Mar,3,1,2024
20240328,28-03-2024,Thursday,13,March,Mar,3,1,2024
20240329,29-03-2024,Friday,13,March,Mar,3,1,2024
20240330,30-03-2024,Saturday,13,March,Mar,3,1,2024
20240331,31-03-2024,Sunday,14,March,Mar,3,1,2024
20240401,01-04-2024,Monday,14,April,Apr,4,2,2024
20240402,02-04-2024,Tuesday,14,April,Apr,4,2,2024
20240403,03-04-2024,Wednesday,14,April,Apr,4,2,2024
20240404,04-04-2024,Thursday,14,April,Apr,4,2,2024
20240405,05-04-2024,Friday,14,April,Apr,4,2,2024
20240406,06-04-2024,Saturday,14,April,Apr,4,2,2024
20240407,07-04-2024,Sunday,15,April,Apr,4,2,2024
20240408,08-04-2024,Monday,15,April,Apr,4,2,2024
20240409,09-04-2024,Tuesday,15,April,Apr,4,2,2024
20240410,10-04-2024,Wednesday,15,April,Apr,4,2,2024
20240411,11-04-2024,Thursday,15,April,Apr,4,2,2024
20240412,12-04-2024,Friday,15,April,Apr,4,2,2024
20240413,13-04-2024,Saturday,15,April,Apr,4,2,2024
20240414,14-04-2024,Sunday,16,April,Apr,4,2,2024
20240415,15-04-2024,Monday,16,April,Apr,4,2,2024
20240416,16-04-2024,Tuesday,16,April,Apr,4,2,2024
20240417,17-04-2024,Wednesday,16,April,Apr,4,2,2024
20240418,18-04-2024,Thursday,16,April,Apr,4,2,2024
20240419,19-04-2024,Friday,16,April,Apr,4,2,2024
20240420,20-04-2024,Saturday,16,April,Apr,4,2,2024
20240421,21-04-2024,Sunday,17,April,Apr,4,2,2024
20240422,22-04-2024,Monday,17,April,Apr,4,2,2024
20240423,23-04-2024,Tuesday,17,April,Apr,4,2,2024
20240424,24-04-2024,Wednesday,17,April,Apr,4,2,2024
20240425,25-04-2024,Thursday,17,April,Apr,4,2,2024
20240426,26-04-2024,Friday,17,April,Apr,4,2,2024
20240427,27-04-2024,Saturday,17,April,Apr,4,2,2024
20240428,28-04-2024,Sunday,18,April,Apr,4,2,2024
20240429,29-04-2024,Monday,18,April,Apr,4,2,2024
20240430,30-04-2024,Tuesday,18,April,Apr,4,2,2024
20240501,01-05-2024,Wednesday,18,May,May,5,2,2024
20240502,02-05-2024,Thursday,18,May,May,5,2,2024
20240503,03-05-2024,Friday,18,May,May,5,2,2024
20240504,04-05-2024,Saturday,18,May,May,5,2,2024
20240505,05-05-2024,Sunday,19,May,May,5,2,2024
20240506,06-05-2024,Monday,19,May,May,5,2,2024
20240507,07-05-2024,Tuesday,19,May,May,5,2,2024
20240508,08-05-2024,Wednesday,19,May,May,5,2,2024
20240509,09-05-2024,Thursday,19,May,May,5,2,2024
20240510,10-05-2024,Friday,19,May,May,5,2,2024
20240511,11-05-2024,Saturday,19,May,May,5,2,2024
20240512,12-05-2024,Sunday,20,May,May,5,2,2024
20240513,13-05-2024,Monday,20,May,May,5,2,2024
20240514,14-05-2024,Tuesday,20,May,May,5,2,2024
20240515,15-05-2024,Wednesday,20,May,May,5,2,2024
20240516,16-05-2024,Thursday,20,May,May,5,2,2024
20240517,17-05-2024,Friday,20,May,May,5,2,2024
20240518,18-05-2024,Saturday,20,May,May,5,2,2024
20240519,19-05-2024,Sunday,21,May,May,5,2,2024
20240520,20-05-2024,Monday,21,May,May,5,2,2024
20240521,21-05-2024,Tuesday,21,May,May,5,2,2024
20240522,22-05-2024,Wednesday,21,May,May,5,2,2024
20240523,23-05-2024,Thursday,21,May,May,5,2,2024
20240524,24-05-2024,Friday,21,May,May,5,2,2024
20240525,25-05-2024,Saturday,21,May,May,5,2,2024
20240526,26-05-2024,Sunday,22,May,May,5,2,2024
20240527,27-05-2024,Monday,22,May,May,5,2,2024
20240528,28-05-2024,Tuesday,22,May,May,5,2,2024
20240529,29-05-2024,Wednesday,22,May,May,5,2,2024
20240530,30-05-2024,Thursday,22,May,May,5,2,2024
20240531,31-05-2024,Friday,22,May,May,5,2,2024
20240601,01-06-2024,Saturday,22,June,Jun,6,2,2024
20240602,02-06-2024,Sunday,23,June,Jun,6,2,2024
20240603,03-06-2024,Monday,23,June,Jun,6,2,2024
20240604,04-06-2024,Tuesday,23,June,Jun,6,2,2024
20240605,05-06-2024,Wednesday,23,June,Jun,6,2,2024
20240606,06-06-2024,Thursday,23,June,Jun,6,2,2024
20240607,07-06-2024,Friday,23,June,Jun,6,2,2024
20240608,08-06-2024,Saturday,23,June,Jun,6,2,2024
20240609,09-06-2024,Sunday,24,June,Jun,6,2,2024
20240610,10-06-2024,Monday,24,June,Jun,6,2,2024
20240611,11-06-2024,Tuesday,24,June,Jun,6,2,2024
20240612,12-06-2024,Wednesday,24,June,Jun,6,2,2024
20240613,13-06-2024,Thursday,24,June,Jun,6,2,2024
20240614,14-06-2024,Friday,24,June,Jun,6,2,2024
20240615,15-06-2024,Saturday,24,June,Jun,6,2,2024
20240616,16-06-2024,Sunday,25,June,Jun,6,2,2024
20240617,17-06-2024,Monday,25,June,Jun,6,2,2024
20240618,18-06-2024,Tuesday,25,June,Jun,6,2,2024
20240619,19-06-2024,Wednesday,25,June,Jun,6,2,2024
20240620,20-06-2024,Thursday,25,June,Jun,6,2,2024
20240621,21-06-2024,Friday,25,June,Jun,6,2,2024
20240622,22-06-2024,Saturday,25,June,Jun,6,2,2024
20240623,23-06-2024,Sunday,26,June,Jun,6,2,2024
20240624,24-06-2024,Monday,26,June,Jun,6,2,2024
20240625,25-06-2024,Tuesday,26,June,Jun,6,2,2024
20240626,26-06-2024,Wednesday,26,June,Jun,6,2,2024
20240627,27-06-2024,Thursday,26,June,Jun,6,2,2024
20240628,28-06-2024,Friday,26,June,Jun,6,2,2024
20240629,29-06-2024,Saturday,26,June,Jun,6,2,2024
20240630,30-06-2024,Sunday,27,June,Jun,6,2,2024
20240701,01-07-2024,Monday,27,July,Jul,7,3,2024
20240702,02-07-2024,Tuesday,27,July,Jul,7,3,2024
20240703,03-07-2024,Wednesday,27,July,Jul,7,3,2024
20240704,04-07-2024,Thursday,27,July,Jul,7,3,2024
20240705,05-07-2024,Friday,27,July,Jul,7,3,2024
20240706,06-07-2024,Saturday,27,July,Jul,7,3,2024
20240707,07-07-2024,Sunday,28,July,Jul,7,3,2024
20240708,08-07-2024,Monday,28,July,Jul,7,3,2024
20240709,09-07-2024,Tuesday,28,July,Jul,7,3,2024
20240710,10-07-2024,Wednesday,28,July,Jul,7,3,2024
20240711,11-07-2024,Thursday,28,July,Jul,7,3,2024
20240712,12-07-2024,Friday,28,July,Jul,7,3,2024
20240713,13-07-2024,Saturday,28,July,Jul,7,3,2024
20240714,14-07-2024,Sunday,29,July,Jul,7,3,2024
20240715,15-07-2024,Monday,29,July,Jul,7,3,2024
20240716,16-07-2024,Tuesday,29,July,Jul,7,3,2024
20240717,17-07-2024,Wednesday,29,July,Jul,7,3,2024
20240718,18-07-2024,Thursday,29,July,Jul,7,3,2024
20240719,19-07-2024,Friday,29,July,Jul,7,3,2024
20240720,20-07-2024,Saturday,29,July,Jul,7,3,2024
20240721,21-07-2024,Sunday,30,July,Jul,7,3,2024
20240722,22-07-2024,Monday,30,July,Jul,7,3,2024
20240723,23-07-2024,Tuesday,30,July,Jul,7,3,2024
20240724,24-07-2024,Wednesday,30,July,Jul,7,3,2024
20240725,25-07-2024,Thursday,30,July,Jul,7,3,2024
20240726,26-07-2024,Friday,30,July,Jul,7,3,2024
20240727,27-07-2024,Saturday,30,July,Jul,7,3,2024
20240728,28-07-2024,Sunday,31,July,Jul,7,3,2024
20240729,29-07-2024,Monday,31,July,Jul,7,3,2024
20240730,30-07-2024,Tuesday,31,July,Jul,7,3,2024
20240731,31-07-2024,Wednesday,31,July,Jul,7,3,2024
20240801,01-08-2024,Thursday,31,August,Aug,8,3,2024
20240802,02-08-2024,Friday,31,August,Aug,8,3,2024
20240803,03-08-2024,Saturday,31,August,Aug,8,3,2024
20240804,04-08-2024,Sunday,32,August,Aug,8,3,2024
20240805,05-08-2024,Monday,32,August,Aug,8,3,2024
20240806,06-08-2024,Tuesday,32,August,Aug,8,3,2024
20240807,07-08-2024,Wednesday,32,August,Aug,8,3,2024
20240808,08-08-2024,Thursday,32,August,Aug,8,3,2024
20240809,09-08-2024,Friday,32,August,Aug,8,3,2024
20240810,10-08-2024,Saturday,32,August,Aug,8,3,2024
20240811,11-08-2024,Sunday,33,August,Aug,8,3,2024
20240812,12-08-2024,Monday,33,August,Aug,8,3,2024
20240813,13-08-2024,Tuesday,33,August,Aug,8,3,2024
20240814,14-08-2024,Wednesday,33,August,Aug,8,3,2024
20240815,15-08-2024,Thursday,33,August,Aug,8,3,2024
20240816,16-08-2024,Friday,33,August,Aug,8,3,2024
20240817,17-08-2024,Saturday,33,August,Aug,8,3,2024
20240818,18-08-2024,Sunday,34,August,Aug,8,3,2024
20240819,19-08-2024,Monday,34,August,Aug,8,3,2024
20240820,20-08-2024,Tuesday,34,August,Aug,8,3,2024
20240821,21-08-2024,Wednesday,34,August,Aug,8,3,2024
20240822,22-08-2024,Thursday,34,August,Aug,8,3,2024
20240823,23-08-2024,Friday,34,August,Aug,8,3,2024
20240824,24-08-2024,Saturday,34,August,Aug,8,3,2024
20240825,25-08-2024,Sunday,35,August,Aug,8,3,2024
20240826,26-08-2024,Monday,35,August,Aug,8,3,2024
20240827,27-08-2024,Tuesday,35,August,Aug,8,3,2024
20240828,28-08-2024,Wednesday,35,August,Aug,8,3,2024
20240829,29-08-2024,Thursday,35,August,Aug,8,3,2024
20240830,30-08-2024,Friday,35,August,Aug,8,3,2024
20240831,31-08-2024,Saturday,35,August,Aug,8,3,2024
20240901,01-09-2024,Sunday,36,September,Sep,9,3,2024
20240902,02-09-2024,Monday,36,September,Sep,9,3,2024
20240903,03-09-2024,Tuesday,36,September,Sep,9,3,2024
20240904,04-09-2024,Wednesday,36,September,Sep,9,3,2024
20240905,05-09-2024,Thursday,36,September,Sep,9,3,2024
20240906,06-09-2024,Friday,36,September,Sep,9,3,2024
20240907,07-09-2024,Saturday,36,September,Sep,9,3,2024
20240908,08-09-2024,Sunday,37,September,Sep,9,3,2024
20240909,09-09-2024,Monday,37,September,Sep,9,3,2024
20240910,10-09-2024,Tuesday,37,September,Sep,9,3,2024
20240911,11-09-2024,Wednesday,37,September,Sep,9,3,2024
20240912,12-09-2024,Thursday,37,September,Sep,9,3,2024
20240913,13-09-2024,Friday,37,September,Sep,9,3,2024
20240914,14-09-2024,Saturday,37,September,Sep,9,3,2024
20240915,15-09-2024,Sunday,38,September,Sep,9,3,2024
20240916,16-09-2024,Monday,38,September,Sep,9,3,2024
20240917,17-09-2024,Tuesday,38,September,Sep,9,3,2024
20240918,18-09-2024,Wednesday,38,September,Sep,9,3,2024
20240919,19-09-2024,Thursday,38,September,Sep,9,3,2024
20240920,20-09-2024,Friday,38,September,Sep,9,3,2024
20240921,21-09-2024,Saturday,38,September,Sep,9,3,2024
20240922,22-09-2024,Sunday,39,September,Sep,9,3,2024
20240923,23-09-2024,Monday,39,September,Sep,9,3,2024
20240924,24-09-2024,Tuesday,39,September,Sep,9,3,2024
20240925,25-09-2024,Wednesday,39,September,Sep,9,3,2024
20240926,26-09-2024,Thursday,39,September,Sep,9,3,2024
20240927,27-09-2024,Friday,39,September,Sep,9,3,2024
20240928,28-09-2024,Saturday,39,September,Sep,9,3,2024
20240929,29-09-2024,Sunday,40,September,Sep,9,3,2024
20240930,30-09-2024,Monday,40,September,Sep,9,3,2024
20241001,01-10-2024,Tuesday,40,October,Oct,10,4,2024
20241002,02-10-2024,Wednesday,40,October,Oct,10,4,2024
20241003,03-10-2024,Thursday,40,October,Oct,10,4,2024
20241004,04-10-2024,Friday,40,October,Oct,10,4,2024
20241005,05-10-2024,Saturday,40,October,Oct,10,4,2024
20241006,06-10-2024,Sunday,41,October,Oct,10,4,2024
20241007,07-10-2024,Monday,41,October,Oct,10,4,2024
20241008,08-10-2024,Tuesday,41,October,Oct,10,4,2024
20241009,09-10-2024,Wednesday,41,October,Oct,10,4,2024
20241010,10-10-2024,Thursday,41,October,Oct,10,4,2024
20241011,11-10-2024,Friday,41,October,Oct,10,4,2024
20241012,12-10-2024,Saturday,41,October,Oct,10,4,2024
20241013,13-10-2024,Sunday,42,October,Oct,10,4,2024
20241014,14-10-2024,Monday,42,October,Oct,10,4,2024
20241015,15-10-2024,Tuesday,42,October,Oct,10,4,2024
20241016,16-10-2024,Wednesday,42,October,Oct,10,4,2024
20241017,17-10-2024,Thursday,42,October,Oct,10,4,2024
20241018,18-10-2024,Friday,42,October,Oct,10,4,2024
20241019,19-10-2024,Saturday,42,October,Oct,10,4,2024
20241020,20-10-2024,Sunday,43,October,Oct,10,4,2024
20241021,21-10-2024,Monday,43,October,Oct,10,4,2024
20241022,22-10-2024,Tuesday,43,October,Oct,10,4,2024
20241023,23-10-2024,Wednesday,43,October,Oct,10,4,2024
20241024,24-10-2024,Thursday,43,October,Oct,10,4,2024
20241025,25-10-2024,Friday,43,October,Oct,10,4,2024
20241026,26-10-2024,Saturday,43,October,Oct,10,4,2024
20241027,27-10-2024,Sunday,44,October,Oct,10,4,2024
20241028,28-10-2024,Monday,44,October,Oct,10,4,2024
20241029,29-10-2024,Tuesday,44,October,Oct,10,4,2024
20241030,30-10-2024,Wednesday,44,October,Oct,10,4,2024
20241031,31-10-2024,Thursday,44,October,Oct,10,4,2024
20241101,01-11-2024,Friday,44,November,Nov,11,4,2024
20241102,02-11-2024,Saturday,44,November,Nov,11,4,2024
20241103,03-11-2024,Sunday,45,November,Nov,11,4,2024
20241104,04-11-2024,Monday,45,November,Nov,11,4,2024
20241105,05-11-2024,Tuesday,45,November,Nov,11,4,2024
20241106,06-11-2024,Wednesday,45,November,Nov,11,4,2024
20241107,07-11-2024,Thursday,45,November,Nov,11,4,2024
20241108,08-11-2024,Friday,45,November,Nov,11,4,2024
20241109,09-11-2024,Saturday,45,November,Nov,11,4,2024
20241110,10-11-2024,Sunday,46,November,Nov,11,4,2024
20241111,11-11-2024,Monday,46,November,Nov,11,4,2024
20241112,12-11-2024,Tuesday,46,November,Nov,11,4,2024
20241113,13-11-2024,Wednesday,46,November,Nov,11,4,2024
20241114,14-11-2024,Thursday,46,November,Nov,11,4,2024
20241115,15-11-2024,Friday,46,November,Nov,11,4,2024
20241116,16-11-2024,Saturday,46,November,Nov,11,4,2024
20241117,17-11-2024,Sunday,47,November,Nov,11,4,2024
20241118,18-11-2024,Monday,47,November,Nov,11,4,2024
20241119,19-11-2024,Tuesday,47,November,Nov,11,4,2024
20241120,20-11-2024,Wednesday,47,November,Nov,11,4,2024
20241121,21-11-2024,Thursday,47,November,Nov,11,4,2024
20241122,22-11-2024,Friday,47,November,Nov,11,4,2024
20241123,23-11-2024,Saturday,47,November,Nov,11,4,2024
20241124,24-11-2024,Sunday,48,November,Nov,11,4,2024
20241125,25-11-2024,Monday,48,November,Nov,11,4,2024
20241126,26-11-2024,Tuesday,48,November,Nov,11,4,2024
20241127,27-11-2024,Wednesday,48,November,Nov,11,4,2024
20241128,28-11-2024,Thursday,48,November,Nov,11,4,2024
20241129,29-11-2024,Friday,48,November,Nov,11,4,2024
20241130,30-11-2024,Saturday,48,November,Nov,11,4,2024
20241201,01-12-2024,Sunday,49,December,Dec,12,4,2024
20241202,02-12-2024,Monday,49,December,Dec,12,4,2024
20241203,03-12-2024,Tuesday,49,December,Dec,12,4,2024
20241204,04-12-2024,Wednesday,49,December,Dec,12,4,2024
20241205,05-12-2024,Thursday,49,December,Dec,12,4,2024
20241206,06-12-2024,Friday,49,December,Dec,12,4,2024
20241207,07-12-2024,Saturday,49,December,Dec,12,4,2024
20241208,08-12-2024,Sunday,50,December,Dec,12,4,2024
20241209,09-12-2024,Monday,50,December,Dec,12,4,2024
20241210,10-12-2024,Tuesday,50,December,Dec,12,4,2024
20241211,11-12-2024,Wednesday,50,December,Dec,12,4,2024
20241212,12-12-2024,Thursday,50,December,Dec,12,4,2024
20241213,13-12-2024,Friday,50,December,Dec,12,4,2024
20241214,14-12-2024,Saturday,50,December,Dec,12,4,2024
20241215,15-12-2024,Sunday,51,December,Dec,12,4,2024
20241216,16-12-2024,Monday,51,December,Dec,12,4,2024
20241217,17-12-2024,Tuesday,51,December,Dec,12,4,2024
20241218,18-12-2024,Wednesday,51,December,Dec,12,4,2024
20241219,19-12-2024,Thursday,51,December,Dec,12,4,2024
20241220,20-12-2024,Friday,51,December,Dec,12,4,2024
20241221,21-12-2024,Saturday,51,December,Dec,12,4,2024
20241222,22-12-2024,Sunday,52,December,Dec,12,4,2024
20241223,23-12-2024,Monday,52,December,Dec,12,4,2024
20241224,24-12-2024,Tuesday,52,December,Dec,12,4,2024
20241225,25-12-2024,Wednesday,52,December,Dec,12,4,2024
20241226,26-12-2024,Thursday,52,December,Dec,12,4,2024
20241227,27-12-2024,Friday,52,December,Dec,12,4,2024
20241228,28-12-2024,Saturday,52,December,Dec,12,4,2024
20241229,29-12-2024,Sunday,53,December,Dec,12,4,2024
20241230,30-12-2024,Monday,53,December,Dec,12,4,2024
